class,time,lat,lon,hMSL,velN,velE,velD,hAcc,vAcc,sAcc,heading,cAcc,gpsFix,numSV
2,2017-07-06T12:05:26.20Z,61.8848903,6.8325644,994.764,-4.47,0.01,2.65,1.037,1.366,0.55,180.93047,3.56790,3,8
2,2017-07-06T12:05:26.40Z,61.8848826,6.8325640,994.068,-3.67,-0.01,4.54,1.043,1.372,0.48,180.62625,4.33890,3,8
2,2017-07-06T12:05:26.60Z,61.8848754,6.8325632,992.989,-3.72,-0.13,6.16,1.044,1.377,0.42,181.40002,3.82370,3,8
2,2017-07-06T12:05:26.80Z,61.8848685,6.8325622,991.700,-3.61,-0.05,7.69,1.043,1.380,0.40,180.71982,4.72288,3,8
2,2017-07-06T12:05:27.00Z,61.8848600,6.8325606,989.980,-3.76,-0.17,9.50,1.040,1.385,0.37,182.58128,4.57272,3,8
2,2017-07-06T12:05:27.20Z,61.8848518,6.8325596,987.832,-3.79,0.11,11.09,1.033,1.395,0.35,178.32225,4.17110,3,8
2,2017-07-06T12:05:27.40Z,61.8848444,6.8325596,985.313,-3.89,0.15,12.84,1.024,1.403,0.36,177.85478,3.91856,3,8
2,2017-07-06T12:05:27.60Z,61.8848367,6.8325602,982.487,-4.23,0.20,14.72,1.014,1.413,0.35,177.31746,2.90391,3,8
2,2017-07-06T12:05:27.80Z,61.8848283,6.8325607,979.261,-4.35,0.11,16.27,1.005,1.426,0.37,178.59246,3.49335,3,8
2,2017-07-06T12:05:28.00Z,61.8848202,6.8325611,975.720,-4.76,0.18,18.17,0.997,1.441,0.37,177.89225,3.13151,3,8
2,2017-07-06T12:05:28.20Z,61.8848110,6.8325617,971.807,-5.15,0.11,19.75,0.991,1.455,0.37,178.72959,2.76845,3,8
2,2017-07-06T12:05:28.40Z,61.8848004,6.8325617,967.564,-5.62,0.07,21.23,0.984,1.468,0.37,179.28374,2.42296,3,8
2,2017-07-06T12:05:28.60Z,61.8847891,6.8325619,963.034,-6.35,-0.06,22.73,0.981,1.480,0.38,180.51123,2.27074,3,8
2,2017-07-06T12:05:28.80Z,61.8847770,6.8325618,958.210,-7.13,-0.07,24.10,0.979,1.492,0.38,180.59651,2.11513,3,8
2,2017-07-06T12:05:29.00Z,61.8847627,6.8325613,953.082,-8.06,-0.09,25.48,0.978,1.506,0.37,180.66414,1.82303,3,8
2,2017-07-06T12:05:29.20Z,61.8847471,6.8325606,947.781,-9.00,-0.26,26.61,0.978,1.518,0.35,181.65199,1.56284,3,8
2,2017-07-06T12:05:29.40Z,61.8847296,6.8325594,942.194,-9.97,-0.29,27.89,0.979,1.532,0.35,181.65355,1.41366,3,7
2,2017-07-06T12:05:29.60Z,61.8847105,6.8325583,936.401,-11.12,-0.31,28.52,0.982,1.547,0.35,181.59763,1.33172,3,7
2,2017-07-06T12:05:29.80Z,61.8846892,6.8325574,930.450,-12.43,-0.24,29.87,0.985,1.564,0.35,181.12841,1.22568,3,7
2,2017-07-06T12:05:30.00Z,61.8846657,6.8325568,924.289,-13.78,-0.23,30.79,0.989,1.581,0.34,180.95774,1.13949,3,6
2,2017-07-06T12:05:30.20Z,61.8846394,6.8325559,918.011,-15.35,-0.19,31.03,0.992,1.598,0.33,180.72442,0.96312,3,6
2,2017-07-06T12:05:30.40Z,61.8846103,6.8325555,911.628,-16.69,0.03,31.76,0.993,1.614,0.32,179.88406,0.80746,3,6
2,2017-07-06T12:05:30.60Z,61.8845792,6.8325562,905.095,-18.02,0.33,32.48,0.991,1.627,0.31,178.94182,0.62159,3,6
2,2017-07-06T12:05:30.80Z,61.8845453,6.8325579,898.490,-19.40,0.49,33.20,0.988,1.640,0.30,178.56256,0.55950,3,6
2,2017-07-06T12:05:31.00Z,61.8845091,6.8325609,891.740,-20.59,0.99,33.76,0.986,1.655,0.30,177.25298,0.56302,3,6
2,2017-07-06T12:05:31.20Z,61.8844705,6.8325659,884.908,-21.88,1.56,34.24,0.985,1.664,0.30,175.92025,0.58934,3,6
2,2017-07-06T12:05:31.40Z,61.8844294,6.8325732,878.002,-23.51,2.25,34.24,0.984,1.670,0.30,174.52952,0.54665,3,6
2,2017-07-06T12:05:31.60Z,61.8843860,6.8325834,870.992,-24.89,2.97,34.40,0.982,1.675,0.29,173.18443,0.50972,3,7
2,2017-07-06T12:05:31.80Z,61.8843403,6.8325958,863.882,-26.29,3.38,34.52,0.980,1.680,0.27,172.67662,0.40765,3,7
2,2017-07-06T12:05:32.00Z,61.8842918,6.8326095,856.922,-27.49,3.80,34.60,0.979,1.690,0.28,172.12156,0.46317,3,7
2,2017-07-06T12:05:32.20Z,61.8842410,6.8326247,849.931,-28.82,4.13,34.65,0.980,1.701,0.26,171.84502,0.44913,3,7
2,2017-07-06T12:05:32.40Z,61.8841883,6.8326410,842.838,-30.05,4.33,34.79,0.981,1.713,0.26,171.79719,0.43472,3,7
2,2017-07-06T12:05:32.60Z,61.8841335,6.8326578,835.716,-31.09,4.56,35.03,0.981,1.724,0.26,171.65643,0.42453,3,6
2,2017-07-06T12:05:32.80Z,61.8840767,6.8326751,828.616,-32.14,4.56,35.14,0.980,1.732,0.26,171.92954,0.40741,3,6
2,2017-07-06T12:05:33.00Z,61.8840179,6.8326927,821.491,-33.29,4.67,35.25,0.979,1.739,0.25,172.00884,0.39083,3,6
2,2017-07-06T12:05:33.20Z,61.8839571,6.8327106,814.400,-34.36,4.72,35.15,0.978,1.746,0.25,172.16933,0.38296,3,6
2,2017-07-06T12:05:33.40Z,61.8838942,6.8327291,807.370,-35.45,4.87,35.14,0.974,1.747,0.24,172.18081,0.36239,3,6
2,2017-07-06T12:05:33.60Z,61.8838286,6.8327480,800.508,-36.47,4.82,34.95,0.970,1.747,0.23,172.46821,0.35103,3,6
2,2017-07-06T12:05:33.80Z,61.8837627,6.8327665,793.348,-37.47,4.97,35.21,0.966,1.747,0.23,172.45055,0.33766,3,6
2,2017-07-06T12:05:34.00Z,61.8836949,6.8327860,786.203,-38.18,5.11,35.21,0.961,1.747,0.23,172.38383,0.27650,3,6
2,2017-07-06T12:05:34.20Z,61.8836258,6.8328060,779.040,-39.05,5.34,35.42,0.956,1.751,0.23,172.21339,0.26571,3,6
2,2017-07-06T12:05:34.40Z,61.8835553,6.8328272,771.741,-40.01,5.65,35.51,0.952,1.755,0.23,171.96647,0.25860,3,6
2,2017-07-06T12:05:34.60Z,61.8834831,6.8328497,764.455,-40.83,5.94,35.57,0.948,1.758,0.22,171.71825,0.25002,3,7
2,2017-07-06T12:05:34.80Z,61.8834091,6.8328732,757.302,-41.47,6.24,35.46,0.945,1.763,0.23,171.44607,0.25302,3,7
2,2017-07-06T12:05:35.00Z,61.8833341,6.8328981,750.091,-42.04,6.59,35.89,0.943,1.768,0.23,171.08963,0.24853,3,7
2,2017-07-06T12:05:35.20Z,61.8832579,6.8329245,742.858,-42.73,7.05,35.96,0.941,1.773,0.23,170.63206,0.23302,3,7
2,2017-07-06T12:05:35.40Z,61.8831802,6.8329529,735.700,-43.69,7.66,35.45,0.938,1.778,0.23,170.06153,0.22181,3,7
2,2017-07-06T12:05:35.60Z,61.8831012,6.8329834,728.517,-44.40,8.19,35.36,0.936,1.784,0.22,169.55098,0.21580,3,7
2,2017-07-06T12:05:35.80Z,61.8830210,6.8330159,721.366,-45.02,8.72,35.28,0.934,1.789,0.22,169.04082,0.21217,3,7
2,2017-07-06T12:05:36.00Z,61.8829397,6.8330504,714.207,-45.68,9.23,35.23,0.933,1.794,0.22,168.57604,0.20796,3,7
2,2017-07-06T12:05:36.20Z,61.8828574,6.8330869,707.058,-46.16,9.71,35.38,0.931,1.799,0.22,168.12262,0.20518,3,7
2,2017-07-06T12:05:36.40Z,61.8827740,6.8331253,699.931,-46.82,10.26,35.22,0.930,1.805,0.22,167.63571,0.20460,3,7
2,2017-07-06T12:05:36.60Z,61.8826895,6.8331654,692.835,-47.45,10.68,34.82,0.928,1.810,0.22,167.32119,0.20146,3,7
2,2017-07-06T12:05:36.80Z,61.8826040,6.8332071,685.792,-47.90,11.09,34.76,0.927,1.815,0.21,166.96167,0.19453,3,7
2,2017-07-06T12:05:37.00Z,61.8825174,6.8332502,678.751,-48.67,11.40,34.73,0.926,1.820,0.21,166.81560,0.19262,3,7
2,2017-07-06T12:05:37.20Z,61.8824296,6.8332946,671.796,-49.27,11.79,34.20,0.925,1.824,0.22,166.53892,0.19917,3,7
2,2017-07-06T12:05:37.40Z,61.8823406,6.8333401,664.953,-49.93,12.01,33.79,0.923,1.827,0.20,166.47688,0.19182,3,7
2,2017-07-06T12:05:37.60Z,61.8822508,6.8333862,658.121,-50.46,12.17,33.37,0.921,1.829,0.20,166.44181,0.18934,3,7
2,2017-07-06T12:05:37.80Z,61.8821598,6.8334328,651.415,-50.91,12.28,33.41,0.920,1.831,0.20,166.44038,0.18810,3,7
2,2017-07-06T12:05:38.00Z,61.8820679,6.8334799,644.726,-51.48,12.42,32.97,0.918,1.833,0.20,166.43910,0.18601,3,7
2,2017-07-06T12:05:38.20Z,61.8819753,6.8335274,638.037,-51.88,12.48,33.11,0.917,1.835,0.20,166.47015,0.18110,3,7
2,2017-07-06T12:05:38.40Z,61.8818818,6.8335751,631.374,-52.26,12.57,33.38,0.915,1.837,0.20,166.47708,0.18011,3,7
2,2017-07-06T12:05:38.60Z,61.8817879,6.8336230,624.639,-52.52,12.61,33.50,0.914,1.838,0.20,166.49809,0.17922,3,7
2,2017-07-06T12:05:38.80Z,61.8816937,6.8336711,617.811,-52.68,12.65,33.91,0.911,1.836,0.20,166.49324,0.17704,3,7
2,2017-07-06T12:05:39.00Z,61.8815989,6.8337196,611.009,-52.83,12.89,34.06,0.910,1.838,0.20,166.28719,0.17756,3,7
2,2017-07-06T12:05:39.20Z,61.8815037,6.8337693,604.173,-53.11,13.15,34.26,0.908,1.839,0.20,166.09357,0.17937,3,7
2,2017-07-06T12:05:39.40Z,61.8814082,6.8338199,597.280,-53.36,13.36,34.07,0.907,1.842,0.21,165.94144,0.18464,3,7
2,2017-07-06T12:05:39.60Z,61.8813122,6.8338715,590.404,-53.59,13.72,34.34,0.907,1.846,0.22,165.63782,0.18484,3,7
2,2017-07-06T12:05:39.80Z,61.8812159,6.8339245,583.495,-53.81,14.09,34.09,0.907,1.851,0.22,165.33107,0.18414,3,7
2,2017-07-06T12:05:40.00Z,61.8811194,6.8339788,576.535,-54.12,14.42,33.96,0.908,1.855,0.21,165.08435,0.18327,3,7
2,2017-07-06T12:05:40.20Z,61.8810225,6.8340344,569.596,-54.08,14.71,34.60,0.908,1.859,0.22,164.78656,0.18491,3,7
2,2017-07-06T12:05:40.40Z,61.8809253,6.8340913,562.599,-54.49,15.13,34.23,0.908,1.864,0.22,164.48070,0.18350,3,7
2,2017-07-06T12:05:40.60Z,61.8808275,6.8341500,555.679,-54.77,15.65,33.65,0.909,1.869,0.22,164.05012,0.18214,3,7
2,2017-07-06T12:05:40.80Z,61.8807292,6.8342104,548.827,-54.88,16.01,33.90,0.909,1.874,0.22,163.73698,0.17428,3,7
2,2017-07-06T12:05:41.00Z,61.8806308,6.8342721,541.908,-55.06,16.33,33.87,0.910,1.880,0.22,163.47893,0.17347,3,7
2,2017-07-06T12:05:41.20Z,61.8805321,6.8343349,534.961,-55.13,16.58,34.15,0.910,1.886,0.22,163.25926,0.17305,3,7
2,2017-07-06T12:05:41.40Z,61.8804334,6.8343985,527.961,-55.20,16.80,34.30,0.911,1.892,0.22,163.07431,0.18166,3,7
2,2017-07-06T12:05:41.60Z,61.8803345,6.8344629,520.937,-55.32,16.92,34.36,0.912,1.897,0.22,162.99632,0.18125,3,7
2,2017-07-06T12:05:41.80Z,61.8802352,6.8345278,513.915,-55.49,17.15,34.42,0.913,1.903,0.22,162.82383,0.18054,3,7
2,2017-07-06T12:05:42.00Z,61.8801359,6.8345935,506.866,-55.57,17.32,34.33,0.912,1.905,0.22,162.68918,0.17930,3,7
2,2017-07-06T12:05:42.20Z,61.8800365,6.8346594,499.804,-55.62,17.36,34.65,0.912,1.908,0.22,162.66238,0.17913,3,7
2,2017-07-06T12:05:42.40Z,61.8799367,6.8347264,492.695,-55.93,17.81,34.73,0.912,1.910,0.22,162.33848,0.17791,3,7
2,2017-07-06T12:05:42.60Z,61.8798366,6.8347949,485.645,-56.10,18.16,34.00,0.911,1.913,0.22,162.06539,0.17721,3,7
2,2017-07-06T12:05:42.80Z,61.8797359,6.8348645,478.743,-56.34,18.38,33.82,0.911,1.916,0.22,161.93434,0.17702,3,7
2,2017-07-06T12:05:43.00Z,61.8796353,6.8349346,471.769,-56.27,18.40,33.91,0.910,1.918,0.22,161.89351,0.17688,3,7
2,2017-07-06T12:05:43.20Z,61.8795345,6.8350054,464.843,-56.24,18.75,34.30,0.910,1.921,0.22,161.55920,0.17910,3,7
2,2017-07-06T12:05:43.40Z,61.8794337,6.8350781,457.914,-56.51,19.34,33.55,0.910,1.925,0.22,161.10697,0.16950,3,7
2,2017-07-06T12:05:43.60Z,61.8793324,6.8351525,451.101,-56.58,19.71,33.46,0.911,1.929,0.22,160.79150,0.16867,3,7
2,2017-07-06T12:05:43.80Z,61.8792311,6.8352281,444.240,-56.48,19.94,33.93,0.911,1.933,0.22,160.55464,0.16880,3,7
2,2017-07-06T12:05:44.00Z,61.8791300,6.8353047,437.330,-56.41,20.22,33.95,0.912,1.937,0.22,160.28092,0.16872,3,7
2,2017-07-06T12:05:44.20Z,61.8790291,6.8353826,430.376,-56.40,20.68,33.95,0.912,1.940,0.22,159.86346,0.16767,3,7
2,2017-07-06T12:05:44.40Z,61.8789281,6.8354623,423.433,-56.38,21.17,34.01,0.912,1.940,0.22,159.42102,0.16517,3,7
2,2017-07-06T12:05:44.60Z,61.8788273,6.8355439,416.472,-56.30,21.68,34.05,0.912,1.940,0.22,158.93722,0.16480,3,7
2,2017-07-06T12:05:44.80Z,61.8787266,6.8356273,409.514,-56.23,22.10,34.01,0.912,1.939,0.22,158.54151,0.16508,3,7
2,2017-07-06T12:05:45.00Z,61.8786261,6.8357124,402.552,-56.01,22.63,34.18,0.912,1.939,0.22,158.00063,0.17352,3,7
2,2017-07-06T12:05:45.20Z,61.8785260,6.8357997,395.574,-55.92,23.22,34.17,0.912,1.938,0.22,157.44411,0.18171,3,7
2,2017-07-06T12:05:45.40Z,61.8784259,6.8358893,388.669,-55.84,23.84,33.85,0.912,1.938,0.22,156.87660,0.18174,3,7
2,2017-07-06T12:05:45.60Z,61.8783261,6.8359808,381.763,-55.56,24.27,34.20,0.912,1.938,0.22,156.40116,0.18201,3,7
2,2017-07-06T12:05:45.80Z,61.8782268,6.8360742,374.810,-55.41,24.81,33.96,0.912,1.937,0.22,155.88483,0.18194,3,7
2,2017-07-06T12:05:46.00Z,61.8781278,6.8361696,367.881,-55.11,25.32,34.29,0.911,1.931,0.22,155.32232,0.17983,3,7
2,2017-07-06T12:05:46.20Z,61.8780293,6.8362671,360.895,-54.95,25.88,34.37,0.910,1.926,0.22,154.78092,0.17963,3,7
2,2017-07-06T12:05:46.40Z,61.8779312,6.8363667,353.912,-54.70,26.49,34.25,0.908,1.920,0.22,154.15838,0.17995,3,7
2,2017-07-06T12:05:46.60Z,61.8778333,6.8364690,347.004,-54.47,27.25,34.12,0.907,1.914,0.22,153.41839,0.17974,3,7
2,2017-07-06T12:05:46.80Z,61.8777358,6.8365737,340.122,-54.34,27.75,33.86,0.906,1.908,0.22,152.94638,0.17976,3,7
2,2017-07-06T12:05:47.00Z,61.8776387,6.8366798,333.228,-54.02,28.01,34.28,0.905,1.905,0.22,152.59190,0.18325,3,7
2,2017-07-06T12:05:47.20Z,61.8775420,6.8367868,326.240,-53.89,28.31,34.70,0.904,1.903,0.22,152.28696,0.18419,3,7
2,2017-07-06T12:05:47.40Z,61.8774455,6.8368949,319.237,-53.84,28.49,34.61,0.904,1.900,0.23,152.11171,0.23167,3,7
2,2017-07-06T12:05:47.60Z,61.8773487,6.8370040,312.381,-53.95,28.77,33.79,0.902,1.897,0.23,151.93477,0.19549,3,7
2,2017-07-06T12:05:47.80Z,61.8772517,6.8371136,305.642,-54.16,28.80,33.49,0.896,1.887,0.23,151.99913,0.19356,3,6
2,2017-07-06T12:05:48.00Z,61.8771543,6.8372234,298.928,-54.33,28.76,33.34,0.888,1.872,0.21,152.10481,0.18915,3,6
2,2017-07-06T12:05:48.20Z,61.8770565,6.8373324,292.282,-54.56,28.51,33.13,0.880,1.859,0.21,152.41286,0.23371,3,6
2,2017-07-06T12:05:48.40Z,61.8769583,6.8374405,285.644,-54.93,28.22,32.70,0.874,1.847,0.21,152.80774,0.23241,3,6
2,2017-07-06T12:05:48.60Z,61.8768595,6.8375475,279.123,-55.11,27.99,32.21,0.868,1.835,0.21,153.07269,0.23269,3,6
2,2017-07-06T12:05:48.80Z,61.8767606,6.8376538,272.639,-55.20,27.91,32.09,0.863,1.824,0.21,153.17537,0.23263,3,6
2,2017-07-06T12:05:49.00Z,61.8766614,6.8377600,266.197,-55.44,27.88,31.78,0.858,1.814,0.20,153.30359,0.23093,3,6
2,2017-07-06T12:05:49.20Z,61.8765617,6.8378660,259.875,-55.60,27.77,31.11,0.853,1.805,0.21,153.46158,0.23475,3,6
2,2017-07-06T12:05:49.40Z,61.8764617,6.8379717,253.697,-55.88,27.72,30.40,0.848,1.796,0.20,153.61696,0.18886,3,6
2,2017-07-06T12:05:49.60Z,61.8763613,6.8380770,247.664,-56.04,27.61,29.74,0.843,1.789,0.20,153.76919,0.18826,3,6
2,2017-07-06T12:05:49.80Z,61.8762607,6.8381820,241.707,-56.05,27.55,29.41,0.838,1.782,0.20,153.82431,0.18806,3,6
2,2017-07-06T12:05:50.00Z,61.8761601,6.8382867,235.815,-56.18,27.44,29.03,0.833,1.775,0.20,153.96879,0.18732,3,6
2,2017-07-06T12:05:50.20Z,61.8760592,6.8383910,230.063,-56.33,27.32,28.04,0.828,1.769,0.19,154.12968,0.18681,3,6
2,2017-07-06T12:05:50.40Z,61.8759580,6.8384950,224.471,-56.47,27.22,27.43,0.824,1.762,0.19,154.26631,0.18678,3,6
2,2017-07-06T12:05:50.60Z,61.8758566,6.8385987,219.003,-56.48,27.21,26.98,0.820,1.757,0.19,154.27664,0.18710,3,6
2,2017-07-06T12:05:50.80Z,61.8757552,6.8387021,213.654,-56.57,27.08,26.44,0.816,1.752,0.19,154.42299,0.18688,3,6
2,2017-07-06T12:05:51.00Z,61.8756535,6.8388050,208.444,-56.67,26.92,25.63,0.812,1.747,0.19,154.59138,0.17774,3,6
2,2017-07-06T12:05:51.20Z,61.8755517,6.8389074,203.477,-56.72,26.83,24.40,0.808,1.743,0.18,154.68591,0.18547,3,6
2,2017-07-06T12:05:51.40Z,61.8754498,6.8390095,198.700,-56.77,26.75,23.29,0.805,1.738,0.18,154.77234,0.18486,3,6
2,2017-07-06T12:05:51.60Z,61.8753479,6.8391110,194.096,-56.78,26.62,22.86,0.801,1.734,0.18,154.88174,0.18499,3,6
2,2017-07-06T12:05:51.80Z,61.8752461,6.8392123,189.599,-56.67,26.52,21.76,0.798,1.731,0.18,154.91919,0.18461,3,6
2,2017-07-06T12:05:52.00Z,61.8751443,6.8393130,185.347,-56.68,26.41,20.74,0.795,1.727,0.17,155.01570,0.18513,3,6
2,2017-07-06T12:05:52.20Z,61.8750427,6.8394136,181.305,-56.58,26.41,19.37,0.792,1.724,0.17,154.98251,0.18521,3,6
2,2017-07-06T12:05:52.40Z,61.8749412,6.8395139,177.617,-56.56,26.35,17.62,0.791,1.721,0.17,155.02292,0.26605,3,6
2,2017-07-06T12:05:52.60Z,61.8748398,6.8396138,174.290,-56.31,26.17,15.91,0.791,1.719,0.17,155.07033,0.26887,3,6
2,2017-07-06T12:05:52.80Z,61.8747390,6.8397130,171.214,-55.98,25.96,14.85,0.792,1.717,0.17,155.12174,0.27050,3,6
2,2017-07-06T12:05:53.00Z,61.8746387,6.8398116,168.280,-55.69,25.91,14.39,0.793,1.715,0.17,155.05011,0.27115,3,6
2,2017-07-06T12:05:53.20Z,61.8745391,6.8399098,165.461,-55.33,25.75,13.71,0.794,1.713,0.17,155.03878,0.27277,3,6
2,2017-07-06T12:05:53.40Z,61.8744401,6.8400076,162.754,-54.99,25.63,13.08,0.795,1.712,0.17,155.01082,0.27391,3,6
2,2017-07-06T12:05:53.60Z,61.8743417,6.8401055,160.189,-54.60,25.79,12.36,0.794,1.710,0.18,154.71093,0.19586,3,6
2,2017-07-06T12:05:53.80Z,61.8742442,6.8402038,157.786,-53.98,25.96,11.43,0.791,1.708,0.17,154.31267,0.18130,3,6
2,2017-07-06T12:05:54.00Z,61.8741478,6.8403028,155.561,-53.47,26.17,10.72,0.789,1.708,0.17,153.91696,0.18301,3,6
2,2017-07-06T12:05:54.20Z,61.8740522,6.8404025,153.451,-52.91,26.34,10.22,0.787,1.709,0.19,153.53874,0.18460,3,6
2,2017-07-06T12:05:54.40Z,61.8739577,6.8405026,151.422,-52.39,26.33,9.84,0.786,1.711,0.19,153.31810,0.18730,3,6
2,2017-07-06T12:05:54.60Z,61.8738641,6.8406027,149.540,-51.79,26.37,9.19,0.785,1.713,0.19,153.01668,0.18908,3,6
2,2017-07-06T12:05:54.80Z,61.8737717,6.8407030,147.689,-51.28,26.37,8.75,0.784,1.716,0.19,152.78266,0.19213,3,6
2,2017-07-06T12:05:55.00Z,61.8736803,6.8408035,146.005,-50.56,26.46,7.81,0.782,1.716,0.18,152.37486,0.19872,3,6
2,2017-07-06T12:05:55.20Z,61.8735902,6.8409040,144.665,-49.62,26.42,6.04,0.780,1.716,0.19,151.97134,0.22152,3,6
2,2017-07-06T12:05:55.40Z,61.8735018,6.8410032,143.802,-48.61,25.84,3.33,0.778,1.716,0.19,152.00850,0.22716,3,6
2,2017-07-06T12:05:55.60Z,61.8734151,6.8411004,143.435,-47.70,25.31,1.15,0.777,1.715,0.20,152.05343,0.23192,3,6
2,2017-07-06T12:05:55.80Z,61.8733309,6.8411954,143.599,-45.89,24.77,-1.25,0.776,1.715,0.25,151.64430,0.24604,3,6
2,2017-07-06T12:05:56.00Z,61.8732494,6.8412880,144.221,-44.60,24.09,-3.38,0.776,1.713,0.24,151.62433,0.25731,3,6
2,2017-07-06T12:05:56.20Z,61.8731703,6.8413784,145.157,-43.28,23.51,-4.80,0.776,1.712,0.24,151.48610,0.26460,3,6
2,2017-07-06T12:05:56.40Z,61.8730935,6.8414666,146.264,-42.10,22.90,-5.76,0.776,1.712,0.27,151.45231,0.27968,3,6
2,2017-07-06T12:05:56.60Z,61.8730189,6.8415525,147.564,-40.93,22.32,-6.48,0.778,1.712,0.26,151.40237,0.36154,3,6
2,2017-07-06T12:05:56.80Z,61.8729462,6.8416360,148.943,-39.91,21.53,-7.18,0.781,1.712,0.27,151.66098,0.37068,3,7
2,2017-07-06T12:05:57.00Z,61.8728755,6.8417162,150.485,-38.87,20.68,-7.78,0.784,1.713,0.27,151.98497,0.37470,3,7
2,2017-07-06T12:05:57.20Z,61.8728067,6.8417929,152.159,-37.64,19.76,-8.37,0.788,1.713,0.27,152.29903,0.49156,3,7
2,2017-07-06T12:05:57.40Z,61.8727399,6.8418667,153.854,-36.79,19.07,-8.49,0.794,1.714,0.26,152.59957,0.49311,3,7
2,2017-07-06T12:05:57.60Z,61.8726747,6.8419381,155.575,-35.82,18.46,-8.65,0.801,1.715,0.27,152.73969,0.50356,3,7
2,2017-07-06T12:05:57.80Z,61.8726114,6.8420068,157.297,-34.79,17.59,-8.73,0.807,1.715,0.26,153.17873,0.50354,3,7
2,2017-07-06T12:05:58.00Z,61.8725499,6.8420728,159.003,-33.81,16.93,-8.65,0.813,1.716,0.26,153.39876,0.51737,3,7
2,2017-07-06T12:05:58.20Z,61.8724900,6.8421364,160.707,-32.94,16.38,-8.51,0.819,1.717,0.27,153.56466,0.54763,3,7
2,2017-07-06T12:05:58.40Z,61.8724318,6.8421975,162.404,-31.95,15.66,-8.43,0.825,1.718,0.26,153.88511,0.55388,3,7
2,2017-07-06T12:05:58.60Z,61.8723752,6.8422561,164.033,-31.15,15.06,-8.05,0.831,1.718,0.25,154.20354,0.56574,3,7
2,2017-07-06T12:05:58.80Z,61.8723201,6.8423123,165.585,-30.30,14.46,-7.60,0.837,1.718,0.25,154.48047,0.62211,3,7
2,2017-07-06T12:05:59.00Z,61.8722666,6.8423661,167.083,-29.38,13.75,-7.37,0.844,1.719,0.25,154.91636,0.64323,3,7
2,2017-07-06T12:05:59.20Z,61.8722147,6.8424175,168.485,-28.58,13.19,-6.79,0.851,1.719,0.25,155.22570,0.65745,3,7
2,2017-07-06T12:05:59.40Z,61.8721641,6.8424667,169.785,-27.86,12.57,-6.42,0.858,1.719,0.24,155.71411,0.67124,3,7
2,2017-07-06T12:05:59.60Z,61.8721148,6.8425137,171.005,-27.13,12.09,-5.87,0.865,1.719,0.25,155.97663,0.70324,3,7
2,2017-07-06T12:05:59.80Z,61.8720668,6.8425582,172.113,-26.32,11.35,-5.14,0.872,1.720,0.25,156.67240,0.77073,3,7
2,2017-07-06T12:06:00.00Z,61.8720199,6.8426008,173.080,-25.84,11.13,-4.39,0.880,1.721,0.25,156.69075,0.74200,3,7
2,2017-07-06T12:06:00.20Z,61.8719741,6.8426428,173.839,-25.30,10.82,-3.55,0.886,1.721,0.25,156.83207,0.74946,3,7
2,2017-07-06T12:06:00.40Z,61.8719292,6.8426834,174.404,-24.73,10.38,-2.55,0.893,1.722,0.25,157.23079,0.76572,3,7
2,2017-07-06T12:06:00.60Z,61.8718854,6.8427234,174.734,-24.15,10.55,-1.22,0.899,1.722,0.25,156.39736,0.77596,3,7
2,2017-07-06T12:06:00.80Z,61.8718423,6.8427632,174.791,-23.92,10.37,0.23,0.905,1.720,0.31,156.56849,0.89643,3,8
2,2017-07-06T12:06:01.00Z,61.8717992,6.8428030,174.487,-24.01,10.40,1.88,0.913,1.719,0.27,156.57994,0.84572,3,8
2,2017-07-06T12:06:01.20Z,61.8717570,6.8428426,173.973,-23.08,10.07,2.26,0.916,1.719,0.29,156.43720,0.73578,3,8
2,2017-07-06T12:06:01.40Z,61.8717160,6.8428805,173.352,-22.56,9.73,3.30,0.919,1.718,0.32,156.67690,0.79417,3,8
2,2017-07-06T12:06:01.60Z,61.8716762,6.8429174,172.551,-21.89,9.48,3.99,0.923,1.718,0.34,156.58800,0.82392,3,8
2,2017-07-06T12:06:01.80Z,61.8716373,6.8429534,171.628,-21.41,9.58,4.79,0.930,1.717,0.34,155.90197,1.08835,3,8
2,2017-07-06T12:06:02.00Z,61.8715996,6.8429888,170.579,-20.59,9.28,5.70,0.940,1.714,0.41,155.72209,1.41392,3,8
2,2017-07-06T12:06:02.20Z,61.8715635,6.8430238,169.316,-19.68,9.10,6.40,0.954,1.710,0.41,155.18903,1.48046,3,8
2,2017-07-06T12:06:02.40Z,61.8715297,6.8430561,167.825,-17.98,8.07,7.84,0.971,1.707,0.53,155.83523,1.97665,3,8
2,2017-07-06T12:06:02.60Z,61.8714992,6.8430856,165.859,-16.19,7.20,9.86,1.005,1.706,0.83,156.01000,3.31710,3,8
2,2017-07-06T12:06:02.80Z,61.8714715,6.8431092,163.373,-13.85,5.70,12.88,1.067,1.707,1.19,157.63727,5.39820,3,8
2,2017-07-06T12:06:03.00Z,61.8714408,6.8431218,160.612,-17.42,2.83,13.23,1.133,1.722,1.50,170.77307,4.19622,3,8
2,2017-07-06T12:06:03.20Z,61.8714124,6.8431326,158.561,-16.15,2.06,9.93,1.249,1.806,1.69,172.72264,5.53434,3,8
2,2017-07-06T12:06:03.40Z,61.8713856,6.8431380,156.908,-15.54,0.97,8.52,1.971,2.694,2.13,176.43191,6.31008,3,8
2,2017-07-06T12:06:03.60Z,61.8713666,6.8431526,155.276,-11.90,3.42,8.29,2.352,3.046,1.81,163.98975,8.30101,3,8
2,2017-07-06T12:06:03.80Z,61.8713580,6.8431740,153.679,-5.78,4.25,8.50,2.434,3.052,1.35,143.67122,14.81841,3,8
3,2017-07-06T12:06:04.00Z,61.8713539,6.8431904,152.157,-2.28,3.08,8.59,2.389,2.949,1.36,126.48302,25.98562,3,8
3,2017-07-06T12:06:04.20Z,61.8713509,6.8431967,150.877,-2.37,0.38,7.71,2.379,2.908,1.28,170.99390,29.85480,3,8
3,2017-07-06T12:06:04.40Z,61.8713476,6.8431977,149.578,-2.50,-0.21,7.04,2.346,2.848,0.98,181.03631,18.01757,3,7
3,2017-07-06T12:06:04.60Z,61.8713443,6.8431976,148.333,-2.38,-0.52,6.41,2.311,2.810,0.90,186.70875,17.92518,3,7
3,2017-07-06T12:06:04.80Z,61.8713370,6.8431945,146.997,-5.38,-0.63,6.03,2.268,2.763,1.23,186.63418,8.77507,3,7
3,2017-07-06T12:06:05.00Z,61.8713297,6.8431951,145.440,-5.47,0.48,6.24,2.352,2.829,1.13,175.01091,9.35310,3,8
3,2017-07-06T12:06:05.20Z,61.8713203,6.8431945,144.071,-5.34,-0.41,6.40,2.284,2.723,1.21,184.38462,7.54866,3,7
3,2017-07-06T12:06:05.40Z,61.8713146,6.8431924,142.433,-4.16,-0.52,6.13,2.287,2.723,0.99,185.54597,9.04106,3,7
3,2017-07-06T12:06:05.60Z,61.8713116,6.8431937,141.190,-3.10,-1.18,6.46,2.552,3.069,0.77,190.26530,13.70200,3,7
3,2017-07-06T12:06:05.80Z,61.8713072,6.8431884,140.022,-3.94,-2.87,6.57,2.639,3.199,0.67,216.07023,10.70956,3,6
3,2017-07-06T12:06:06.00Z,61.8713061,6.8431721,138.144,-5.40,-6.33,6.11,3.748,4.561,0.61,229.52905,5.98856,3,7
3,2017-07-06T12:06:06.20Z,61.8713050,6.8431539,136.268,-6.53,-6.97,6.68,4.598,5.608,0.62,226.87706,5.25555,3,6
3,2017-07-06T12:06:06.40Z,61.8713039,6.8431343,134.677,-7.90,-8.50,6.05,5.482,6.721,0.62,227.10177,4.36885,3,6
3,2017-07-06T12:06:06.60Z,61.8712966,6.8431187,134.074,-9.36,-9.32,5.04,6.589,8.166,0.76,224.87727,6.94900,3,7
3,2017-07-06T12:06:06.80Z,61.8712793,6.8430905,133.532,-10.76,-9.75,3.57,7.118,8.871,1.55,222.17038,6.81526,3,7
3,2017-07-06T12:06:07.00Z,61.8712538,6.8430693,133.506,-13.04,-6.69,3.22,7.204,8.997,2.27,207.15945,4.95642,3,7
3,2017-07-06T12:06:07.20Z,61.8712336,6.8430494,132.419,-12.80,-5.91,4.29,7.188,8.949,2.47,204.78660,4.40802,3,7
3,2017-07-06T12:06:07.40Z,61.8712158,6.8430348,131.388,-11.18,-4.61,4.72,7.207,8.881,2.39,202.41925,4.70414,3,6
3,2017-07-06T12:06:07.60Z,61.8712010,6.8430239,130.405,-9.68,-3.99,4.59,7.053,8.650,2.00,202.38183,4.62731,3,7
3,2017-07-06T12:06:07.80Z,61.8711884,6.8430146,129.709,-7.96,-3.89,4.15,6.860,8.471,1.44,206.07092,5.98240,3,7
3,2017-07-06T12:06:08.00Z,61.8711776,6.8430043,129.168,-6.70,-4.36,3.63,6.745,8.344,1.17,213.02241,6.72708,3,7
3,2017-07-06T12:06:08.20Z,61.8711686,6.8429912,128.458,-6.23,-5.58,3.59,6.697,8.264,1.05,221.89191,5.58358,3,7
3,2017-07-06T12:06:08.40Z,61.8711592,6.8429781,127.883,-6.53,-5.60,3.80,6.710,8.244,0.88,220.61023,4.71644,3,7
3,2017-07-06T12:06:08.60Z,61.8711456,6.8429693,127.754,-5.98,-5.82,3.89,7.085,8.685,0.72,224.22247,4.21424,3,7
3,2017-07-06T12:06:08.80Z,61.8711396,6.8429616,127.367,-5.50,-6.25,4.40,7.404,9.101,0.56,228.66947,3.87157,3,7
3,2017-07-06T12:06:09.00Z,61.8711371,6.8429584,127.012,-5.13,-6.88,4.40,7.892,9.754,0.47,233.31338,3.53572,3,7
3,2017-07-06T12:06:09.20Z,61.8711247,6.8429386,126.831,-4.85,-6.98,4.43,7.705,9.576,0.46,235.20477,3.43245,3,6
3,2017-07-06T12:06:09.40Z,61.8711171,6.8429155,126.178,-4.92,-7.22,4.44,7.271,9.083,0.50,235.76296,4.24234,3,6
3,2017-07-06T12:06:09.60Z,61.8710993,6.8429079,126.832,-5.11,-6.62,4.04,7.638,9.579,0.44,232.29575,3.21400,3,6
3,2017-07-06T12:06:09.80Z,61.8710883,6.8428948,126.473,-3.99,-6.50,3.95,7.843,9.914,0.69,238.46761,5.79690,3,6
3,2017-07-06T12:06:10.00Z,61.8710774,6.8428836,126.386,-2.17,-6.50,3.41,8.168,10.414,1.10,243.29631,7.70730,3,7
3,2017-07-06T12:06:10.20Z,61.8710728,6.8428623,125.875,-1.46,-6.12,3.39,7.871,10.028,1.31,248.07201,10.37067,3,7
3,2017-07-06T12:06:10.40Z,61.8710648,6.8428447,125.399,-3.04,-5.58,3.86,7.409,9.428,0.99,243.89199,7.99712,3,8
3,2017-07-06T12:06:10.60Z,61.8710560,6.8428266,124.706,-5.43,-4.96,3.94,6.932,8.831,1.23,222.42291,8.16260,3,8
3,2017-07-06T12:06:10.80Z,61.8710450,6.8428098,124.128,-6.07,-4.90,3.69,6.546,8.283,1.72,218.93512,6.40775,3,8
3,2017-07-06T12:06:11.00Z,61.8710341,6.8427919,123.578,-5.90,-4.90,3.68,6.265,7.806,1.87,219.72608,5.10612,3,8
3,2017-07-06T12:06:11.20Z,61.8710243,6.8427759,122.929,-5.85,-5.12,3.49,6.140,7.571,1.54,221.18949,5.15485,3,7
3,2017-07-06T12:06:11.40Z,61.8710153,6.8427582,122.382,-5.36,-5.24,3.42,5.911,7.212,1.50,224.31168,5.01021,3,7
3,2017-07-06T12:06:11.60Z,61.8710109,6.8427411,121.547,-7.57,-7.56,2.75,6.517,7.937,1.20,224.96161,4.42843,3,7
3,2017-07-06T12:06:11.80Z,61.8710054,6.8427223,121.101,-7.04,-7.75,2.34,6.757,8.234,0.96,227.75024,4.81920,3,7
3,2017-07-06T12:06:12.00Z,61.8709984,6.8427001,120.527,-5.53,-6.84,2.69,6.469,7.888,0.83,231.02756,5.93486,3,7
3,2017-07-06T12:06:12.20Z,61.8709912,6.8426732,119.734,-4.14,-7.08,2.94,6.151,7.537,1.07,239.70634,7.76755,3,7
3,2017-07-06T12:06:12.40Z,61.8709861,6.8426463,118.904,-2.93,-7.38,3.47,5.898,7.274,0.91,248.35014,8.75616,3,7
3,2017-07-06T12:06:12.60Z,61.8709822,6.8426240,118.451,-2.80,-6.47,3.09,5.549,6.873,0.75,247.39983,8.07677,3,8
3,2017-07-06T12:06:12.80Z,61.8709794,6.8426036,117.879,-4.55,-6.94,2.86,5.408,6.724,0.81,236.76391,6.22942,3,8
3,2017-07-06T12:06:13.00Z,61.8709745,6.8425798,117.006,-4.44,-6.26,3.34,5.192,6.450,1.05,234.67470,6.49046,3,8
3,2017-07-06T12:06:13.20Z,61.8709686,6.8425575,116.299,-3.80,-6.24,3.43,4.912,6.080,1.24,238.64403,6.39138,3,8
3,2017-07-06T12:06:13.40Z,61.8709649,6.8425372,115.627,-3.32,-6.05,3.28,4.692,5.795,0.90,239.95465,6.52262,3,8
3,2017-07-06T12:06:13.60Z,61.8709611,6.8425160,115.135,-3.87,-7.22,2.89,4.543,5.589,0.78,241.80184,5.09092,3,8
3,2017-07-06T12:06:13.80Z,61.8709617,6.8424971,114.633,-4.14,-8.17,2.38,4.987,6.126,0.74,243.13190,4.86106,3,7
3,2017-07-06T12:06:14.00Z,61.8709596,6.8424742,114.276,-4.24,-8.80,1.90,5.188,6.360,0.68,244.26795,4.54128,3,7
3,2017-07-06T12:06:14.20Z,61.8709563,6.8424478,113.814,-2.49,-9.07,1.98,5.107,6.251,0.75,254.67240,5.33367,3,7
3,2017-07-06T12:06:14.40Z,61.8709506,6.8424302,113.302,-0.74,-9.33,2.03,6.323,7.748,0.73,265.44315,5.95553,3,7
3,2017-07-06T12:06:14.60Z,61.8709430,6.8424116,113.953,1.05,-8.56,2.57,6.862,8.483,0.79,276.99473,6.56465,3,6
3,2017-07-06T12:06:14.80Z,61.8709380,6.8423913,114.245,1.74,-7.58,2.93,7.043,8.848,0.94,282.90333,7.18441,3,6
3,2017-07-06T12:06:15.00Z,61.8709349,6.8423736,114.428,1.80,-6.86,3.09,7.169,9.160,1.07,283.43892,11.11595,3,6
3,2017-07-06T12:06:15.20Z,61.8709346,6.8423522,113.779,1.78,-5.75,3.25,7.061,9.160,1.01,285.84323,8.43134,3,8
3,2017-07-06T12:06:15.40Z,61.8709345,6.8423377,114.155,1.29,-5.50,1.42,6.929,8.981,0.79,284.95230,11.73602,3,8
3,2017-07-06T12:06:15.60Z,61.8709345,6.8423213,114.582,1.20,-5.75,-0.06,6.886,8.966,0.82,283.44291,12.24358,3,7
3,2017-07-06T12:06:15.80Z,61.8709307,6.8422911,113.938,0.40,-6.15,0.61,6.759,8.859,0.64,276.55502,7.82337,3,7
3,2017-07-06T12:06:16.00Z,61.8709287,6.8422634,113.778,0.47,-9.27,0.40,6.610,8.699,0.63,272.92303,5.54321,3,8
3,2017-07-06T12:06:16.20Z,61.8709278,6.8422439,113.344,1.03,-7.97,1.77,6.733,8.906,0.67,277.35383,6.22297,3,8
3,2017-07-06T12:06:16.40Z,61.8709289,6.8422240,112.844,1.63,-7.53,2.56,6.559,8.702,0.67,282.24303,5.58653,3,8
3,2017-07-06T12:06:16.60Z,61.8709248,6.8422083,113.104,1.73,-6.81,2.71,6.530,8.698,0.65,283.31229,5.33847,3,8
3,2017-07-06T12:06:16.80Z,61.8709146,6.8422030,113.943,1.95,-6.43,3.16,6.851,9.178,0.61,285.38678,4.65734,3,8
3,2017-07-06T12:06:17.00Z,61.8709081,6.8421942,114.351,2.70,-6.47,3.65,6.975,9.374,0.63,288.83367,5.05574,3,8
3,2017-07-06T12:06:17.20Z,61.8709070,6.8421778,114.184,3.05,-6.13,3.74,6.744,9.062,0.64,293.03350,4.68815,3,8
3,2017-07-06T12:06:17.40Z,61.8709087,6.8421627,114.429,3.06,-5.65,3.46,6.471,8.695,0.72,295.61010,5.05271,3,8
3,2017-07-06T12:06:17.60Z,61.8709128,6.8421482,114.440,4.13,-5.37,3.88,6.244,8.388,0.78,302.61210,4.35407,3,8
3,2017-07-06T12:06:17.80Z,61.8709168,6.8421360,114.207,4.49,-4.34,3.92,5.988,8.052,0.92,309.36790,4.44364,3,8
3,2017-07-06T12:06:18.00Z,61.8709227,6.8421234,113.599,4.93,-3.13,4.02,5.602,7.539,1.02,320.98564,3.44971,3,8
3,2017-07-06T12:06:18.20Z,61.8709290,6.8421137,112.706,5.22,-2.36,4.44,5.228,7.036,1.04,330.37682,2.72539,3,8
3,2017-07-06T12:06:18.40Z,61.8709363,6.8421036,111.958,5.65,-1.38,5.22,4.872,6.562,1.04,339.67798,2.50580,3,8
3,2017-07-06T12:06:18.60Z,61.8709467,6.8420962,110.814,6.02,-0.28,5.87,4.491,6.054,0.94,357.31766,2.83170,3,8
3,2017-07-06T12:06:18.80Z,61.8709572,6.8420930,109.632,6.19,0.76,6.46,4.142,5.592,0.86,7.03416,3.03968,3,8
3,2017-07-06T12:06:19.00Z,61.8709688,6.8420952,108.194,6.04,1.86,7.02,3.832,5.181,0.79,17.08910,3.24305,3,8
3,2017-07-06T12:06:19.20Z,61.8709790,6.8421034,106.858,6.65,3.23,7.63,3.679,4.983,0.73,25.94746,2.88962,3,9
3,2017-07-06T12:06:19.40Z,61.8709878,6.8421174,105.636,6.65,4.52,7.89,3.512,4.766,0.72,34.19326,2.84143,3,9
3,2017-07-06T12:06:19.60Z,61.8709988,6.8421345,104.123,6.57,6.08,8.19,3.233,4.401,0.69,42.80163,2.79845,3,9
3,2017-07-06T12:06:19.80Z,61.8710093,6.8421585,102.332,6.01,7.82,8.57,2.988,4.078,0.59,52.45504,2.76981,3,9
3,2017-07-06T12:06:20.00Z,61.8710194,6.8421886,100.621,5.82,8.36,7.91,2.739,3.740,0.52,55.14596,3.00170,3,9
3,2017-07-06T12:06:20.20Z,61.8710288,6.8422219,98.832,4.08,9.56,7.28,2.541,3.468,0.46,66.91010,3.12159,3,8
3,2017-07-06T12:06:20.40Z,61.8710363,6.8422581,97.071,3.92,10.46,7.81,2.410,3.288,0.44,69.45201,2.82921,3,9
3,2017-07-06T12:06:20.60Z,61.8710444,6.8422951,95.214,3.03,11.42,7.91,2.397,3.282,0.46,75.16033,2.82167,3,9
3,2017-07-06T12:06:20.80Z,61.8710484,6.8423378,93.663,2.29,12.00,7.95,2.385,3.284,0.63,79.20328,2.76866,3,9
3,2017-07-06T12:06:21.00Z,61.8710496,6.8423826,92.250,0.55,12.20,7.62,2.364,3.280,0.62,87.43828,2.36955,3,9
3,2017-07-06T12:06:21.20Z,61.8710495,6.8424273,90.882,-0.71,12.64,6.73,2.337,3.271,0.63,93.20630,2.28679,3,9
3,2017-07-06T12:06:21.40Z,61.8710492,6.8424700,89.477,-1.14,12.53,6.43,2.294,3.241,0.60,95.17861,2.20478,3,9
3,2017-07-06T12:06:21.60Z,61.8710474,6.8425124,88.242,-2.09,12.72,5.13,2.246,3.202,0.51,99.31552,2.05866,3,9
3,2017-07-06T12:06:21.80Z,61.8710440,6.8425536,87.148,-2.98,12.38,4.41,2.197,3.157,0.44,103.52255,2.02370,3,9
3,2017-07-06T12:06:22.00Z,61.8710417,6.8425921,85.745,-3.67,12.02,3.92,2.353,3.410,0.41,107.00299,2.08447,3,8
3,2017-07-06T12:06:22.20Z,61.8710360,6.8426280,84.945,-3.81,11.54,3.37,2.782,4.060,0.39,108.28820,2.25791,3,8
3,2017-07-06T12:06:22.40Z,61.8710302,6.8426624,84.177,-4.56,11.88,2.95,3.138,4.601,0.36,111.01477,2.18337,3,8
3,2017-07-06T12:06:22.60Z,61.8710241,6.8426966,83.591,-4.21,11.78,2.53,3.437,5.063,0.32,109.68266,2.38825,3,8
3,2017-07-06T12:06:22.80Z,61.8710166,6.8427293,83.409,-3.63,11.31,2.34,3.884,5.738,0.29,107.79939,2.67251,3,7
3,2017-07-06T12:06:23.00Z,61.8710094,6.8427632,82.999,-3.55,11.15,2.52,4.107,6.074,0.28,107.65238,2.81596,3,7
3,2017-07-06T12:06:23.20Z,61.8710035,6.8428008,82.130,-3.81,11.86,2.55,4.062,6.021,0.27,107.82662,2.43203,3,8
3,2017-07-06T12:06:23.40Z,61.8709969,6.8428367,81.386,-3.56,10.97,2.66,4.075,6.061,0.27,107.99671,2.42346,3,8
3,2017-07-06T12:06:23.60Z,61.8709926,6.8428716,80.259,-2.37,11.07,2.97,4.039,6.031,0.36,102.07204,2.57319,3,8
3,2017-07-06T12:06:23.80Z,61.8709900,6.8428994,78.965,-2.17,9.55,3.25,4.186,6.271,0.28,102.77521,2.65494,3,8
3,2017-07-06T12:06:24.00Z,61.8709859,6.8429341,78.166,-3.01,10.07,3.02,3.959,5.935,0.46,106.65824,4.88305,3,8
3,2017-07-06T12:06:24.20Z,61.8709807,6.8429684,77.463,-2.45,9.23,3.44,3.772,5.654,0.77,104.85181,5.69033,3,8
3,2017-07-06T12:06:24.40Z,61.8709747,6.8430035,76.700,-3.23,9.68,3.51,3.600,5.407,0.84,108.43124,4.89793,3,8
3,2017-07-06T12:06:24.60Z,61.8709687,6.8430395,75.983,-2.97,9.84,3.47,3.400,5.143,0.79,106.80142,4.51599,3,8
3,2017-07-06T12:06:24.80Z,61.8709618,6.8430786,75.234,-3.96,11.12,3.66,3.187,4.895,0.75,109.57116,3.44061,3,8
3,2017-07-06T12:06:25.00Z,61.8709549,6.8431174,74.484,-3.93,11.26,3.83,3.089,4.832,0.61,109.24975,2.94104,3,8
3,2017-07-06T12:06:25.20Z,61.8709484,6.8431567,73.728,-3.57,11.03,3.86,2.978,4.756,0.50,107.91342,2.62531,3,7
3,2017-07-06T12:06:25.40Z,61.8709428,6.8431959,72.963,-3.15,11.91,2.93,2.931,4.748,0.42,104.80214,2.49087,3,8
3,2017-07-06T12:06:25.60Z,61.8709371,6.8432350,71.727,-3.56,11.78,3.80,2.884,4.713,0.38,106.81602,2.19788,3,8
3,2017-07-06T12:06:25.80Z,61.8709307,6.8432735,70.155,-3.99,11.78,4.82,2.805,4.613,0.39,108.72903,2.01392,3,8
3,2017-07-06T12:06:26.00Z,61.8709242,6.8433155,68.753,-3.70,11.91,5.11,2.629,4.343,0.43,107.24623,1.92999,3,8
3,2017-07-06T12:06:26.20Z,61.8709180,6.8433562,67.475,-3.94,11.62,5.37,2.531,4.193,0.41,108.70849,1.97983,3,7
3,2017-07-06T12:06:26.40Z,61.8709109,6.8433981,66.298,-3.84,11.66,5.43,2.422,4.016,0.41,108.20471,1.93816,3,7
3,2017-07-06T12:06:26.60Z,61.8709035,6.8434370,65.279,-3.76,11.24,5.59,2.404,3.989,0.31,108.50440,1.85242,3,8
3,2017-07-06T12:06:26.80Z,61.8708964,6.8434754,64.279,-3.81,10.88,5.71,2.365,3.927,0.31,109.26956,1.98633,3,7
3,2017-07-06T12:06:27.00Z,61.8708888,6.8435136,63.535,-3.86,10.38,5.57,2.289,3.798,0.34,110.42659,2.13024,3,7
3,2017-07-06T12:06:27.20Z,61.8708813,6.8435515,62.716,-4.01,10.49,5.56,2.249,3.729,0.31,110.93294,1.96472,3,7
3,2017-07-06T12:06:27.40Z,61.8708720,6.8435852,62.388,-3.88,10.32,5.21,2.457,4.079,0.28,110.61673,1.94302,3,7
3,2017-07-06T12:06:27.60Z,61.8708643,6.8436227,61.591,-4.08,10.21,5.31,2.380,3.959,0.27,111.80265,1.83671,3,8
3,2017-07-06T12:06:27.80Z,61.8708560,6.8436599,60.947,-4.24,10.05,4.97,2.310,3.852,0.26,112.88852,1.84791,3,8
3,2017-07-06T12:06:28.00Z,61.8708474,6.8436984,60.302,-4.25,10.43,4.42,2.157,3.608,0.32,112.15916,1.95069,3,8
3,2017-07-06T12:06:28.20Z,61.8708389,6.8437360,59.564,-4.23,10.23,3.83,2.018,3.383,0.34,112.45330,2.01216,3,8
3,2017-07-06T12:06:28.40Z,61.8708304,6.8437719,58.742,-4.29,10.32,3.56,2.007,3.373,0.34,112.57059,2.04147,3,8
3,2017-07-06T12:06:28.60Z,61.8708212,6.8438064,58.015,-4.33,9.98,3.77,2.019,3.405,0.33,113.42505,2.04970,3,8
3,2017-07-06T12:06:28.80Z,61.8708117,6.8438402,57.371,-4.22,9.94,3.61,2.022,3.419,0.32,113.00780,1.88746,3,8
3,2017-07-06T12:06:29.00Z,61.8708025,6.8438746,56.802,-4.48,9.27,3.54,1.925,3.256,0.34,115.81072,2.04883,3,7
3,2017-07-06T12:06:29.20Z,61.8707938,6.8439083,56.218,-4.17,9.01,3.17,1.812,3.060,0.35,114.84077,1.98324,3,7
3,2017-07-06T12:06:29.40Z,61.8707868,6.8439418,55.550,-3.58,9.29,3.24,1.740,2.937,0.30,111.09737,2.02528,3,8
3,2017-07-06T12:06:29.60Z,61.8707803,6.8439760,54.962,-3.42,9.01,3.35,1.632,2.756,0.29,110.80303,2.12040,3,8
3,2017-07-06T12:06:29.80Z,61.8707736,6.8440091,54.435,-3.40,9.18,3.35,1.604,2.709,0.29,110.31016,1.98429,3,8
3,2017-07-06T12:06:30.00Z,61.8707679,6.8440440,53.744,-2.93,9.46,3.43,1.597,2.701,0.29,107.19525,1.92823,3,8
3,2017-07-06T12:06:30.20Z,61.8707625,6.8440791,53.142,-2.59,9.41,3.41,1.589,2.689,0.30,105.38590,1.91143,3,8
3,2017-07-06T12:06:30.40Z,61.8707577,6.8441127,52.321,-2.36,9.37,3.68,1.578,2.676,0.30,104.11625,1.87490,3,8
3,2017-07-06T12:06:30.60Z,61.8707528,6.8441461,51.521,-2.20,9.52,3.63,1.567,2.662,0.30,103.01841,1.81416,3,8
3,2017-07-06T12:06:30.80Z,61.8707488,6.8441797,50.502,-1.67,9.87,3.67,1.558,2.650,0.35,99.61802,1.90034,3,7
3,2017-07-06T12:06:31.00Z,61.8707450,6.8442147,49.778,-1.61,9.33,3.77,1.547,2.629,0.29,99.81312,1.84060,3,8
3,2017-07-06T12:06:31.20Z,61.8707421,6.8442494,48.968,-1.14,9.08,3.74,1.537,2.610,0.27,97.17062,1.85222,3,8
3,2017-07-06T12:06:31.40Z,61.8707397,6.8442832,48.241,-1.15,8.94,3.70,1.527,2.594,0.27,97.34068,1.84037,3,8
3,2017-07-06T12:06:31.60Z,61.8707374,6.8443184,47.575,-0.90,9.18,3.79,1.518,2.577,0.27,95.57629,1.81898,3,7
3,2017-07-06T12:06:31.80Z,61.8707348,6.8443525,46.889,-1.15,8.45,4.29,1.511,2.566,0.29,97.71868,1.86866,3,8
3,2017-07-06T12:06:32.00Z,61.8707328,6.8443861,46.186,-0.07,8.57,4.04,1.513,2.570,0.40,90.46088,2.89869,3,8
3,2017-07-06T12:06:32.20Z,61.8707326,6.8444207,45.774,1.39,8.58,3.16,1.517,2.580,0.37,80.81942,3.35341,3,8
3,2017-07-06T12:06:32.40Z,61.8707328,6.8444548,45.230,0.88,8.76,4.05,1.517,2.578,0.33,84.27953,2.94748,3,8
3,2017-07-06T12:06:32.60Z,61.8707340,6.8444904,44.520,1.77,9.31,4.30,1.520,2.581,0.36,79.23772,2.53750,3,8
3,2017-07-06T12:06:32.80Z,61.8707344,6.8445278,43.961,1.31,9.58,4.90,1.587,2.697,0.42,82.24248,2.44207,3,8
3,2017-07-06T12:06:33.00Z,61.8707358,6.8445639,43.155,1.52,9.30,5.22,1.513,2.570,0.44,80.74463,2.62622,3,8
3,2017-07-06T12:06:33.20Z,61.8707380,6.8445993,42.290,1.84,9.34,5.21,1.505,2.556,0.42,78.87868,2.48791,3,8
3,2017-07-06T12:06:33.40Z,61.8707404,6.8446344,41.342,2.21,9.35,5.38,1.498,2.546,0.42,76.68152,2.26581,3,7
3,2017-07-06T12:06:33.60Z,61.8707425,6.8446685,40.792,2.65,9.07,5.01,1.486,2.524,0.37,73.69985,2.08329,3,8
3,2017-07-06T12:06:33.80Z,61.8707470,6.8447030,40.030,3.30,8.94,4.78,1.472,2.501,0.34,69.75042,2.11537,3,8
3,2017-07-06T12:06:34.00Z,61.8707533,6.8447373,39.258,3.74,8.70,4.72,1.457,2.477,0.31,66.73133,1.96797,3,7
3,2017-07-06T12:06:34.20Z,61.8707609,6.8447702,38.389,4.39,8.39,4.72,1.444,2.460,0.33,62.40430,1.94168,3,7
3,2017-07-06T12:06:34.40Z,61.8707694,6.8448000,37.331,5.10,7.83,4.77,1.428,2.434,0.30,56.94716,1.91521,3,7
3,2017-07-06T12:06:34.60Z,61.8707792,6.8448287,36.285,5.65,7.37,4.88,1.413,2.414,0.35,52.51095,1.92362,3,8
3,2017-07-06T12:06:34.80Z,61.8707896,6.8448546,35.287,6.33,6.90,4.92,1.398,2.395,0.36,47.48558,1.87064,3,8
3,2017-07-06T12:06:35.00Z,61.8708017,6.8448793,34.346,6.97,6.12,5.04,1.384,2.376,0.37,41.27333,1.90112,3,8
3,2017-07-06T12:06:35.20Z,61.8708148,6.8449007,33.348,7.51,5.48,4.87,1.369,2.356,0.37,36.12269,1.80957,3,8
3,2017-07-06T12:06:35.40Z,61.8708292,6.8449205,32.506,7.88,4.70,4.95,1.355,2.329,0.35,30.82360,1.72987,3,8
3,2017-07-06T12:06:35.60Z,61.8708436,6.8449367,31.719,8.27,3.95,4.78,1.340,2.302,0.33,25.54034,1.51456,3,8
3,2017-07-06T12:06:35.80Z,61.8708583,6.8449486,30.928,8.60,3.17,4.61,1.326,2.275,0.32,20.23321,1.32616,3,8
3,2017-07-06T12:06:36.00Z,61.8708745,6.8449577,29.910,8.69,2.46,4.53,1.314,2.251,0.32,15.81583,1.26776,3,8
3,2017-07-06T12:06:36.20Z,61.8708903,6.8449644,29.009,8.79,1.71,4.40,1.300,2.223,0.34,11.03557,1.26391,3,8
3,2017-07-06T12:06:36.40Z,61.8709064,6.8449685,28.131,8.58,0.64,4.29,1.286,2.196,0.35,4.25121,1.30488,3,8
3,2017-07-06T12:06:36.60Z,61.8709219,6.8449706,27.297,8.77,0.24,4.01,1.275,2.172,0.35,1.58531,1.28667,3,8
3,2017-07-06T12:06:36.80Z,61.8709377,6.8449701,26.436,8.41,-0.09,3.98,1.263,2.145,0.36,359.40301,1.32203,3,8
3,2017-07-06T12:06:37.00Z,61.8709529,6.8449675,25.636,8.44,-0.82,4.07,1.253,2.124,0.39,354.46075,1.31133,3,8
3,2017-07-06T12:06:37.20Z,61.8709683,6.8449633,24.895,8.46,-1.30,4.09,1.246,2.106,0.40,351.24873,1.76866,3,8
3,2017-07-06T12:06:37.40Z,61.8709839,6.8449574,23.962,8.23,-1.83,4.28,1.233,2.078,0.37,347.43196,1.94502,3,8
3,2017-07-06T12:06:37.60Z,61.8709993,6.8449484,22.937,8.09,-2.60,4.72,1.221,2.050,0.37,342.17520,1.75225,3,8
3,2017-07-06T12:06:37.80Z,61.8710146,6.8449374,21.910,8.22,-3.22,5.04,1.209,2.026,0.36,338.59653,1.48421,3,8
3,2017-07-06T12:06:38.00Z,61.8710305,6.8449241,20.618,7.98,-3.53,5.28,1.198,2.005,0.36,336.16670,1.50105,3,8
3,2017-07-06T12:06:38.20Z,61.8710457,6.8449090,19.426,7.98,-3.73,5.43,1.182,1.978,0.30,334.96774,1.06470,3,8
3,2017-07-06T12:06:38.40Z,61.8710605,6.8448934,18.368,7.51,-3.95,5.30,1.169,1.955,0.31,332.22327,1.09316,3,8
3,2017-07-06T12:06:38.60Z,61.8710746,6.8448762,17.297,7.42,-4.38,4.93,1.159,1.938,0.31,329.42792,1.08069,3,8
3,2017-07-06T12:06:38.80Z,61.8710886,6.8448581,16.260,7.72,-4.72,4.66,1.151,1.923,0.33,328.53383,1.21170,3,8
3,2017-07-06T12:06:39.00Z,61.8711031,6.8448376,15.183,8.18,-4.98,4.56,1.145,1.906,0.35,328.70601,1.17472,3,8
3,2017-07-06T12:06:39.20Z,61.8711177,6.8448177,14.261,7.82,-5.27,3.95,1.145,1.895,0.39,326.04214,1.27840,3,8
3,2017-07-06T12:06:39.40Z,61.8711320,6.8447975,13.523,7.72,-5.32,3.05,1.146,1.886,0.40,325.44260,1.33394,3,8
3,2017-07-06T12:06:39.60Z,61.8711450,6.8447784,13.041,7.02,-4.89,2.27,1.149,1.879,0.40,325.09797,1.43126,3,8
3,2017-07-06T12:06:39.80Z,61.8711571,6.8447612,12.660,6.37,-4.42,1.72,1.151,1.871,0.39,325.17861,1.54302,3,8